Text,Language
Geogarypus plusculus est une espèce de pseudoscorpions de la famille des Geogarypidae,French
"La page 3 peut faire référence à :

la troisième page (en) des tabloïds britanniques, tels le Sun ou le Daily Star, mais également d'autres tabloïds tels que le canadien Toronto Sun, qui historiquement contient une photographie de pin-up topless ;
la troisième page (en) des tabloïds indiens, qui traite généralement de l'actualité people de la haute société ;
Page 3, film indien de Madhur Bhandarkar sorti en 2005 ;
Page 3, une émission de télévision de la chaîne ZOOm",French
La route nationale 138TER ou RN 138TER était une route nationale française reliant Saint-Jean-de-Thouars à Marans,French
"À la suite de la réforme de 1972, elle a été déclassée en RD 938TER en Charente-Maritime et dans les Deux-Sèvres, et en RD 938T en Vendée",French
Szklarka Trzcielska (prononciation : [ˈʂklarka ˈtʂt͡ɕelska]) est un village polonais de la gmina de Miedzichowo dans le powiat de Nowy Tomyśl de la voïvodie de Grande-Pologne dans le centre-ouest de la Pologne,French
"Il se situe à environ 2 kilomètres au nord-ouest de Miedzichowo (siège de la gmina), à 17 kilomètres au nord-ouest de Nowy Tomyśl (siège du powiat) et à 67 kilomètres à l'ouest de Poznań (capitale régionale)",French
"Les filamines sont une classe de protéines se fixant sur l'actine, permettant de stabiliser sa structure tridimensionnelle",French
Il s'agit de l'assemblage d'un homodimère,French
Elles ont un rôle dans la signalisation cellulaire et dans l'embryogenèse,French
les filamines induisent la formation d'un réseau lâche de filaments d'actine (au contraire de la fimbrine qui induit un réseau très dense d'actine),French
"Il en existe plusieurs types :

filamine A, la principale isoforme ;
filamine B ;
filamine C",French
"L'archéologie paléochrétienne a pour objectif l'étude des vestiges du christianisme de l'Antiquité, de l'Antiquité tardive et du haut Moyen Âge",French
Cette discipline permet d'appréhender les conditions matérielles du début du christianisme et de compléter les connaissances historiques tirées des textes,French
"Les Douze Coups de midi, initialement intitulé Les 12 Coups de midi ! jusqu'au 6 septembre 2016, est un jeu télévisé français présenté par Jean-Luc Reichmann et diffusé quotidiennement sur TF1, de 11 h 50 à 12 h 45 depuis le 28 juin 2010",French
"Le plus grand champion de l'émission ayant atteint après 647 participations une cagnotte de 2 566 931 €, dont 1 757 050 € en argent et 809 881 € en cadeaux, Emilien est considéré comme le plus grand gagnant de l’histoire des jeux télévisés en France",French
"Vicious Lies and Dangerous Rumors est le deuxième album studio de Big Boi, sorti le 11 décembre 2012",French
"L'album s'est classé 3e au Top Rap Albums, 6e au Top Digital Albums et au Top R&B/Hip-Hop Albums et 34e au Billboard 200",French
Umhausen est une commune autrichienne du district d'Imst dans le Tyrol,French
Elle accueille le village d'Ötzi,French
L'Italie a participé aux Jeux d'été pour la cinquième fois aux Jeux d'Anvers en 1920,French
"Avec vingt-trois médailles (treize d'or, cinq d'argent et cinq de bronze), les athlètes italiens, emmenés par le gymnaste Nedo Nadi, se sont classés à la septième place du classement des nations",French
Le Nigéria participe 2 fois aux Deaflympics d'été depuis 2009,French
Le pays n'a jamais participé aux Jeux d'hiver,French
City Hunter XYZ est un fan film réalisé par Filip Wong,French
"Après une projection en 2019, il est mis en ligne sur Youtube le 27 avril 2020",French
Il s’agit d’une adaptation en prises de vues réelles de la première partie de l’arc de la poussière de l'ange (Angel Dust) du manga City Hunter de Tsukasa Hōjō,French
"Projet réalisé dans l'optique de rendre hommage à l'œuvre de Tsukasa Hōjō à l'occasion des 30 ans du manga en 2015, le fan film a nécessité 4 ans et demi de développement pour un budget de seulement 800 euros",French
La Korrika (en basque en courant) est une course en faveur de la sauvegarde et de la promotion de la langue basque qui se réalise en parcourant les sept provinces du Pays basque en courant,French
Elle est organisée par l'association d'enseignement du basque AEK tous les deux ans et dure une dizaine de jours en suivant un parcours différent à chaque édition,French
La Saison 2017 de l'équipe cycliste Orica-Scott est la sixième de la formation,French
L'effectif est relativement stable avec l'arrivée de la néo-professionnelle Georgia Baker,French
"Au niveau des départs, la spécialiste des courses à étapes Tayler Wiles et Lizzie Williams quittent",French
"Macey Stewart a mis une pause à sa carrière l'année précédente, tandis que Chloe McConville a pris sa retraite",French
"L'équipe débute très bien la saison avec les trois titres nationaux en Australie, dont sur route et du contre-la-montre pour Katrin Garfoot et des victoires sur le circuit australien pour Amanda Spratt et Annemiek van Vleuten",French
Cette dernière réalise une saison exceptionnelle,French
"Elle est présente dans le top 10 de 10 des 23 manches de l'UCI World Tour, donc les victoires à La course by Le Tour de France et au Boels Rental Ladies Tour",French
Elle est ainsi deuxième de la compétition derrière Anna van der Breggen,French
"Elle est également à la lutte avec cette dernière sur le Tour d'Italie, épreuve qu'elle conclut à la troisième place avec la victoire sur le classement par points et de la montagne",French
Elle gagne également le championnat du monde du contre-la-montre et termine la saison avec onze victoires au total et à la première place mondiale,French
"Katrin Garfoot, en plus de ses deux titres nationaux, se montre très active durant les classiques",French
"Elle est deuxième du championnat du monde sur route, troisième du contre-la-montre et troisième de l'Emakumeen Euskal Bira",French
Gracie Elvin se classe deuxième du Tour des Flandres,French
Sarah Roy réalise une belle progression en finissant troisième du Grand Prix de Plouay et en remportant une étape du Women's Tour,French
Amanda Spratt est régulière et gagne une étape de l'Emakumeen Euskal Bira,French
"Mai, parfois stylisé MɅI, est un drame romantique réalisé par Trấn Thành (vi) et sorti en 2024",French
"Au 1er mars 2024, après 20 jours d'exploitation, le film avait officiellement rapporté plus de 500 milliards de dongs, devenant ainsi le film le plus rentable de l'histoire du box-office vietnamien",French
"En définitive, le film cumule 6,88 millions d'entrées",French
"Le film a également permis à Tran Thanh de devenir le premier et le seul réalisateur au Vietnam à avoir réalisé un chiffre d'affaires total de plus de 1 000 milliards de dongs après Bố già (2021), Nhà bà Nữ (vi) (2023) et Mai",French
"Суперсимметрия) — четвёртый студийный музыкальный альбом группы «Океан Ельзи», представленный в 2003 году в Киеве",Russian
Название альбома навеяно темой кандидатской диссертации лидера группы Святослава Вакарчука — «Суперсимметрия электронов в магнитном поле»,Russian
"На песни «Кішка», «Для тебе», «Майже весна» и «Холодно» сняты клипы",Russian
Песня «Холодно» вышла незадолго до релиза альбома на одноимённом сингле,Russian
"Это последний студийный альбом, записанный оригинальным составом «Океан Ельзи»",Russian
После его записи из группы уходят басист Юрий Хусточка и клавишник Дмитрий Шуров,Russian
В начале 2005 года группу покидает и гитарист Павел Гудимов,Russian
"HK33 — автомат, разработанный западногерманской компанией Heckler & Koch на основе автоматической винтовки HK G3 при участии американской фирмы ""Harrington & Richardson""",Russian
"Вышего́р — деревня в Смоленской области России, в Сафоновском районе",Russian
"Расположена в центральной части области в 12 км к западу от Сафонова на автомагистрали М1 «Беларусь», и в 2,5 км к северо-востоку от станции Вышегор на железнодорожной ветке Москва-Минск",Russian
Административный центр Вышегорского сельского поселения,Russian
Хосе Мигель де ла Каррера-и-Вердуго (исп,Russian
"José Miguel de la Carrera y Verdugo; 15 октября 1785, Сантьяго, Генерал-капитанство Чили — 4 сентября 1821, Мендоса, Аргентина) — южноамериканский политический и военный деятель, революционер, руководитель борьбы за независимость испанских колоний в Южной Америке",Russian
Председатель Первого Чилийского Совета управляющих в 1811—1814 годах (революционной правительственной хунты),Russian
Один из основателей независимого государства Чили,Russian
Πύλος) — город в Греции на Пелопоннесе,Russian
Расположен на побережье бухты Наварин Ионического моря — одной из удобнейших в Средиземноморье в 40 километрах к юго-западу от Каламаты,Russian
Административный центр общины Пилос-Нестор в периферийной единице Месинии в периферии Пелопоннес,Russian
Население 2345 жителей по переписи 2011 года,Russian
Ellicott) — англоязычная фамилия и топоним,Russian
Малый Чекон — хутор в муниципальном образовании город-курорт Анапа Краснодарского края России,Russian
Входит в состав Гостагаевского сельского округа,Russian
"Maurice Estève; 2 мая 1904, Кюлан, департамент Шер — 21 июня 2001, там же) — французский художник Парижской школы",Russian
"西日本旅客鉄道株式会社 Ниси-Нихон Рёкаку Тэцудо Кабусики-гайся), также называемое JR West (яп",Russian
"JR西日本 Джэйару Ниси-Нихон), — одна из компаний группы Japan Railways Group (JR Group), работающая на западе Хонсю",Russian
"Неаполь, Неаполитанское королевство — ум",Russian
"Неаполь) — итальянский поэт и писатель, писавший свои произведения на неаполитанском диалекте",Russian
"Herxheimweyher) — община в Германии, в земле Рейнланд-Пфальц",Russian
Входит в состав района Южный Вайнштрассе,Russian
Подчиняется управлению Херксхайм,Russian
Население составляет 491 человек (на 31 декабря 2010 года),Russian
"Михаи́л Андре́евич Волко́нский  (умер 16 мая 1709) — князь, воевода и окольничий во времена правления Алексея Михайловича, Фёдора Алексеевича, правительницы Софьи Алексеевны, Ивана V и Петра I, представитель 2-й ветви княжеского рода Волконских, сын воеводы, князя Андрея Михайловича Волконского и Мавры Фёдоровны урождённой княжны Морткиной",Russian
"Евдокимовский — топоним в России:

Евдокимовский — посёлок в Тулунском районе Иркутской области",Russian
"Евдокимовский — железнодорожный разъезд (населённый пункт) в Татищевском районе Саратовской области, упразднён в 2001 году",Russian
"Евдокимовский — хутор в Саткинском районе Челябинской области, упразднён в 1985 году",Russian
"Foulognes) — коммуна во Франции, находится в регионе Нижняя Нормандия",Russian
Департамент коммуны — Кальвадос,Russian
Входит в состав кантона Комон-л’Эванте,Russian
"Paolo Mascagni; 25 января 1755, Помаранче — 19 октября 1815, Кьюздино) — итальянский анатом",Russian
"Estadio Nueva Condomina, «Новая Кондомина») — футбольный стадион в Мурсии, домашняя арена клуба Реал Мурсия",Russian
"Стадион, вмещающий 31179 мест для зрителей, построен в 2000-е гг для проведения футбольных матчей, так как инфраструктура старого «Ла-Кондомина» не соответствовала требованиям для матчей высокого уровня",Russian
К тому же старый стадион вмещал всего около 15 тысяч болельщиков,Russian
"Новый стадион соответствует всем требованиям УЕФА И ФИФА, а для проведения матчей чемпионата Европы или мира вместимость может быть увеличена до 45000",Russian
"Открытие «Нуэва-Кондомины» состоялось 11 октября 2006 года товарищеским матчем сборных Испании и Аргентины, в котором хозяева победили со счётом 2:1",Russian
"«Реал Мурсия» дебютировал здесь лишь 26 ноября, крупно проиграв клубу из Вальядолида — 1:4",Russian
Чемпионат США по кёрлингу среди смешанных команд 2017 проводился с 18 по 25 марта 2017 года в городе Уиллистон (штат Северная Дакота),Russian
"Чемпионат проводился в 43-й раз, в 4-й раз в штате Северная Дакота и впервые в Уиллистоне",Russian
Победитель чемпионата получал право выступать как смешанная сборная команда США на чемпионате мира 2017,Russian
В чемпионате принимало участие 10 команд (состоящих из двух мужчин и двух женщин; микст; англ,Russian
"Чемпионом стала команда, представляющая штат Миннесота (скип Hunter Clawson, ставший чемпионом впервые; команда из штата Миннесота стала чемпионом в 6-й раз), выигравшая в финале у команды, представляющей штат Аляска (скип Грег Персингер)",Russian
"Бронзовые медали завоевала команда, представляющая штат Висконсин (скип Dan Schally)",Russian
На́дпись из Бэт-Крик — археологическая находка в штате Теннесси,Russian
Надпись вырезана на камне и обнаружена в индейской могиле,Russian
"Внешний вид знаков напоминает письменность чероки, изобретённую в XIX веке",Russian
"Алфимово — название населённых пунктов в России:

Алфимово — деревня в Спас-Деменском районе Калужской области",Russian
Алфимово — деревня в Ступинском районе Московской области,Russian
Алфимово — деревня в Смоленском районе Смоленской области,Russian
"Dragon Age — это серия компьютерных ролевых игр жанра фэнтези, разработанная канадской студией BioWare и изданная американской компанией Electronic Arts",Russian
Первая игра серии Dragon Age: Origins была выпущена в ноябре 2009 года,Russian
В 2010 году было выпущено глобальное дополнение Dragon Age: Origins – Awakening,Russian
Сиквел под названием Dragon Age II был выпущен в марте 2011 года,Russian
Триквел Dragon Age: Inquisition вышел в ноябре 2014 года,Russian
Последняя на данный момент часть серии Dragon Age: The Veilguard была выпущена в октябре 2024 года,Russian
"Помимо игр, серия включает в себя несколько книг, комиксов, полнометражный мультфильм, сериал и многое другое",Russian
Notoschoenomyza spinicosta är en tvåvingeart som först beskrevs av Stein 1904,Sweedish
Notoschoenomyza spinicosta ingår i släktet Notoschoenomyza och familjen husflugor,Sweedish
Inga underarter finns listade i Catalogue of Life,Sweedish
Mecodinops decorosa är en fjärilsart som beskrevs av Heinrich Benno Möschler 1880,Sweedish
Mecodinops decorosa ingår i släktet Mecodinops och familjen nattflyn,Sweedish
Inga underarter finns listade i Catalogue of Life,Sweedish
"Brewster är en ort i Nobles County i delstaten Minnesota, USA",Sweedish
League of Ireland (iriska: Sraith na hÉireann) är Irlands högsta liga för fotboll och har existerat sedan 1921,Sweedish
Flest segrar har Shamrock Rovers med 17 segrar,Sweedish
"Ligan är indelad i två divisioner, varav Premier Division är den högsta och First Division den näst högsta",Sweedish
Eupalindia är ett släkte av fjärilar,Sweedish
Eupalindia ingår i familjen nattflyn,Sweedish
Kladogram enligt Catalogue of Life:,Sweedish
Nola isomera är en fjärilsart som beskrevs av Turner,Sweedish
Nola isomera ingår i släktet Nola och familjen trågspinnare,Sweedish
Inga underarter finns listade i Catalogue of Life,Sweedish
Thrypticus tonsus är en tvåvingeart som beskrevs av Negrobov och Stackelberg 1972,Sweedish
Thrypticus tonsus ingår i släktet Thrypticus och familjen styltflugor,Sweedish
Inga underarter finns listade i Catalogue of Life,Sweedish
Nätsjön är en sjö i Ljusdals kommun i Hälsingland och ingår i Dalälvens huvudavrinningsområde,Sweedish
"Sjön har en area på 0,261 kvadratkilometer och ligger 522,4 meter över havet",Sweedish
Sjön avvattnas av vattendraget Nappobäcken,Sweedish
Pygopleurus rapuzzii är en skalbaggsart som beskrevs av Keith och Uliana 2008,Sweedish
Pygopleurus rapuzzii ingår i släktet Pygopleurus och familjen Glaphyridae,Sweedish
Inga underarter finns listade i Catalogue of Life,Sweedish
Encarsia ixorae är en stekelart som beskrevs av Krishnan och Vasantharaj David 1996,Sweedish
Encarsia ixorae ingår i släktet Encarsia och familjen växtlussteklar,Sweedish
Inga underarter finns listade i Catalogue of Life,Sweedish
Hypobleta viettei är en fjärilsart som beskrevs av Emilio Berio 1954,Sweedish
Hypobleta viettei ingår i släktet Hypobleta och familjen nattflyn,Sweedish
Inga underarter finns listade i Catalogue of Life,Sweedish
Euphorbia schubei är en törelväxtart som beskrevs av Ferdinand Albin Pax,Sweedish
"Euphorbia schubei ingår i släktet törlar, och familjen törelväxter",Sweedish
Artens utbredningsområde är Tanzania,Sweedish
Inga underarter finns listade i Catalogue of Life,Sweedish
Cotesia sesamiae är en stekelart som först beskrevs av Cameron 1906,Sweedish
Cotesia sesamiae ingår i släktet Cotesia och familjen bracksteklar,Sweedish
Inga underarter finns listade i Catalogue of Life,Sweedish
Desa Ngabar är en administrativ by i Indonesien,Sweedish
"Den ligger i provinsen Jawa Timur, i den västra delen av landet, 500 km öster om huvudstaden Jakarta",Sweedish
Bethelium spinicorne är en skalbaggsart som beskrevs av Blackburn 1899,Sweedish
Bethelium spinicorne ingår i släktet Bethelium och familjen långhorningar,Sweedish
Ypthima zodia är en fjärilsart som beskrevs av Butler 1871,Sweedish
Ypthima zodia ingår i släktet Ypthima och familjen praktfjärilar,Sweedish
Inga underarter finns listade i Catalogue of Life,Sweedish
Hirtella tocantina är en tvåhjärtbladig växtart som beskrevs av Adolpho Ducke,Sweedish
Hirtella tocantina ingår i släktet Hirtella och familjen Chrysobalanaceae,Sweedish
Inga underarter finns listade i Catalogue of Life,Sweedish
Ryūjō (japanska: 龍驤) var ett lätt hangarfartyg som byggdes för den kejserliga japanska flottan i början av 1930-talet,Sweedish
"Fartyget var litet och lätt i ett försök att utnyttja ett kryphål i Washingtonfördraget från 1922, men det visade sig vara ostabilt och skickades tillbaka till varvet för ändringar för att åtgärda dessa problem bara ett år efter färdigställandet",Sweedish
Med sin förbättrade stabilitet återgick Ryūjō till tjänst och användes i operationer under det andra kinesisk-japanska kriget,Sweedish
"Under andra världskriget gav hon flygunderstöd till operationer i Filippinerna, Malaya och Nederländska Ostindien, där hennes flygplan deltog i det andra slaget om Javasjön",Sweedish
Under räden i Indiska oceanen i april 1942 attackerade hangarfartyget brittisk handelssjöfart med sina kanoner och flygplan,Sweedish
Ryūjō deltog därefter i slaget om Aleuterna i juni,Sweedish
Hon sänktes av amerikanska hangarfartygsflygplan i slaget vid östra Salomonöarna den 24 augusti 1942,Sweedish
Cicindela boops är en skalbaggsart som beskrevs av Pierre François Marie Auguste Dejean 1831,Sweedish
Cicindela boops ingår i släktet Cicindela och familjen jordlöpare,Sweedish
Inga underarter finns listade i Catalogue of Life,Sweedish
"Lugnez är en ort och kommun i distriktet Porrentruy i kantonen Jura, Schweiz",Sweedish
Kommunen har 184 invånare (2021),Sweedish
Saint-Christophe-Dodinicourt är en kommun i departementet Aube i regionen Grand Est (tidigare regionen Champagne-Ardenne) i nordöstra Frankrike,Sweedish
Kommunen ligger  i kantonen Brienne-le-Château som ligger i arrondissementet Bar-sur-Aube,Sweedish
År 2023 hade Saint-Christophe-Dodinicourt 31 invånare,Sweedish
"Björn Nyberg eller Björn Nybergh kan syfta på:

Björn Nybergh (1922–2010), finsk jurist och justitieombud
Björn Nyberg (båtbyggare) (1933–2010), finsk båtbyggare
Björn Nyberg (författare) (född 1929), svensk fantasyförfattare",Sweedish
Semecarpus moonii är en sumakväxtart som beskrevs av Thw,Sweedish
Semecarpus moonii ingår i släktet Semecarpus och familjen sumakväxter,Sweedish
Inga underarter finns listade i Catalogue of Life,Sweedish
Proterospastis capnopis är en fjärilsart som beskrevs av Edward Meyrick 1922,Sweedish
Proterospastis capnopis ingår i släktet Proterospastis och familjen äkta malar,Sweedish
Inga underarter finns listade i Catalogue of Life,Sweedish
Eurymerodesmus melacis är en mångfotingart som beskrevs av Chamberlin och Stanley B,Sweedish
Eurymerodesmus melacis ingår i släktet Eurymerodesmus och familjen Eurymerodesmidae,Sweedish
Inga underarter finns listade i Catalogue of Life,Sweedish
"Fredrik Vilhelm Sandwall (i riksdagen kallad Sandwall i Örebro och Sandwall i Stockholm), född 14 juni 1877 i Korsberga församling, Jönköpings län, död 28 april 1952 i Stockholm (Oscar), var en svensk lektor",Sweedish
Han var kusins son till Johan Sandwall och farbror till Martha Sandwall-Bergström,Sweedish
Efter studentexamen i Växjö 1898 blev Sandwall filosofie kandidat vid Uppsala universitet 1902 och filosofie licentiat 1906,Sweedish
"Han var lärare vid Uppsala enskilda läroverk och privatgymnasium 1906–12, adjunkt i latin, grekiska och modersmål i Gävle 1912–14, blev lektor i Örebro 1914 och var lektor vid Östra Real i Stockholm 1928–1942",Sweedish
"Sandwall var Uppsala studentkårs ordförande 1906–07, tillhörde stadsfullmäktige i Örebro 1916–1928, var ledamot av Örebro stads nykterhetsnämnd 1918–1928, ledamot, sekreterare och ordförande i Örebro stadsbiblioteks styrelse 1915–1928, ledamot i styrelsen för Örebro läns museum 1919–1928, för Risbergska flickskolan 1919–1928 och studierektor för dess gymnasium 1924–1928, sekreterare i samfundet Örebro stads- och länsbiblioteks vänner 1927–1928, ledamot i examensnämnden för muntlig prövning i studentexamen av privatister i Stockholm från 1922 samt t",Sweedish
undervisningsråd kortare perioder 1922 och 1925,Sweedish
Sandwall var ordförande i borgerliga valförbundet i Örebro och vice ordförande i Örebro läns moderata valkretsförbund 1920–1928 och tillhörde riksdagens andra kammare 1929–1932 som representant för högern,Sweedish
"Han blev ledamot av Stockholms folkskoledirektion 1930, vice ordförande 1934, var rektor för Wallinska skolan i Stockholm 1931, tillkallad sakkunnig i ecklesiastikdepartementet 1933, censor vid studentexamina från 1933, inspektor vid Stockholms kommunala mellanskola från 1935 och tillhörde kyrkofullmäktige i Oscars församling i Stockholm från 1936",Sweedish
"Sandwall utgav ett antal språkliga och litteraturhistoriska skrifter, bland annat Om accentueringen av två- och trestaviga komposita i 1600-talets svenska (i ""Språk och stil"", 1913) och Samlade dikter av Lasse Lucidor (text och kommentar; I, 1914; II, 1930), på uppdrag av Svenska Vitterhetssamfundet",Sweedish
Han blev filosofie hedersdoktor i Uppsala 1932,Sweedish
"എൽ, “നാൽ” എന്നീ ചുരുക്കപ്പരുകളിലറിയപ്പെടുന്ന നാഷണൽ എയ്റോസ്പേസ് ലാബറട്ടറീസ് ബാംഗളൂരിലാണുളളത്",Malayalam
വ്യോമയാനങ്ങളേയും (aircrafts) വ്യോമയാത്രകളേയും( air travel) സംബന്ധിച്ചുളള ശാസ്ത്രസാങ്കേതിക പഠനങ്ങളും ഗവേഷണങ്ങളും  ഇവിടെ നടക്കുന്നു,Malayalam
1959-ൽ ദൽഹിയിൽ നാഷണൽ ഏറോനോട്ടിക്സ് ലാബറട്ടറി എന്ന പേരിൽ  രൂപീകരിക്കപ്പെട്ട ഈ സ്ഥാപനം പിന്നീട് (1960)   ബാംഗളൂരിലേക്ക് മാറ്റി,Malayalam
ഇന്ത്യയുടെ ബഹിരാകാശസംബന്ധിയായ പദ്ധതികളിൽ  ബഹുമുഖമേഖലകളിൽ മുഖ്യ പങ്കു വഹിക്കുന്നതിനാൽ 1993-ൽ “ നാഷണൽ എയ്റോസ്പേസ് ലാബറട്ടറീസ് ” എന്ന് പേരു പുതുക്കപ്പെട്ടു,Malayalam
ഏകദേശം 1300 പേരാണിവിടെ പ്രവർത്തനങ്ങളിൽ ഏർപ്പെട്ടിരിക്കുന്നത്,Malayalam
"ആകാശ,ബഹിരാകാശസംബന്ധിയായ പഠനങ്ങൾക്കും ഗവേഷണങ്ങൾക്കും വേണ്ട എല്ലാ അത്യാധുനിക സാങ്കേതിക സൗകര്യങ്ങളും ഇവിടെ ലഭ്യമാണ്",Malayalam
ഇന്ത്യയിലെ തെലങ്കാനയിലെ യാദാദ്രി ജില്ലയിലെ അലർ സിറ്റിയിലെ കോലനുപക ഗ്രാമത്തിലെ ജൈനക്ഷേത്രം ആണ്  കുൽപാക്ജി Kulpakji അഥവാ  കോലാനുപാക ക്ഷേത്രം Kolanupaka Temple,Malayalam
"ഈ ക്ഷേത്രത്തിന്   2,000 വർഷം പഴക്കമുള്ളതാണ്     മൂന്ന് വിഗ്രഹങ്ങളുണ്ട്:  റിഷഭനാഥൻ, നെമിനാഥൻ, മഹാവീരൻ എന്നിവയാണ് അവ",Malayalam
"ജേഡ് രത്നത്തിൽ  കൊത്തിയെടുത്ത റിഷഭനാഥന്റെ ചിത്രം ചരിത്രപരമായി ""മാണിക്യ സ്വാമി"" എന്നറിയപ്പെടുന്നു",Malayalam
ക്ഷേത്രം ഹൈദരാബാദ് - വാറങ്കൽ ദേശീയപാതയിൽ  (NH 163) ഹൈദരാബാദിൽ നിന്ന്   ഏകദേശം 80 കിലോമീറ്റർ ദൂരത്തിൽ സ്ഥിതി ചെയ്യുന്നു,Malayalam
"ലിയോപോൾഡ് ബൊഗ്ഡാൻ മാൻഡിക് [മാൻഡിച്ച്], OFMCap (ലിയോപോൾഡ ഓഫ് കാസ്റ്റെൽനോവോ എന്നും അറിയപ്പെടുന്നു, ഇറ്റാലിയൻഃ ലിയോപോൾഡോ ഡാ കാസ്റ്റെൻനോവോ 12 മെയ് 1866-30 ജൂലൈ 1942) ഒരു ക്രൊയേഷ്യൻ കപ്പൂച്ചിൻ സന്യാസിയും കത്തോലിക്കാ പുരോഹിതനുമായിരുന്നു, സംസാരത്തെയും ആകാരത്തേയും  ബാധിക്കുന്ന വൈകല്യങ്ങൾ അദ്ദേഹം അനുഭവിച്ചിരുന്നു",Malayalam
വൈകല്യങ്ങൾക്കിടയിലും അദ്ദേഹം വളരെയധികം ആത്മീയ ശക്തി വികസിപ്പിക്കുകയും പലപ്പോഴും കുമ്പസാര ശുശ്രൂഷയ്ക്കായി  മണിക്കൂറുകൾ ചെലവഴിക്കുകയും ചെയ്തുകൊണ്ട് ഒരു കുമ്പസാരക്കാരൻ എന്ന നിലയിൽ തന്റെ ശുശ്രൂഷയിൽ അങ്ങേയറ്റം ജനപ്രിയനാവുകയും ചെയ്തു,Malayalam
"കിഴക്കൻ യൂറോപ്പിൽ ഒരു മിഷനറിയാകാൻ മാൻഡിക്ക് ആഗ്രഹിച്ചിരുന്നുവെങ്കിലും, ജീവിതകാലത്തിൻെറ ഏറിയപങ്കും  ഇറ്റലിയിൽ ചെലവഴിച്ചു, 1906 മുതൽ മരണം വരെ അദ്ദേഹം പാദുവയിൽ താമസിച്ചു",Malayalam
"ഒന്നാം ലോകമഹായുദ്ധസമയത്ത് , തന്റെ ക്രൊയേഷ്യൻ പൌരത്വം ഉപേക്ഷിയ്ക്കാൻ താല്പര്യമില്ലാത്തതിനാൽ അദ്ദേഹം ഒരു വർഷം ഇറ്റലിയിൽ ജയിലിൽ ചെലവഴിച്ചു",Malayalam
"കത്തോലിക്കാ, ഓർത്തഡോക്സ് പള്ളികളെ വീണ്ടും ഒന്നിപ്പിക്കുന്നതിനെക്കുറിച്ചും ഓറിയന്റിലേക്ക് പോകുന്നതിനെക്കുറിച്ചും അദ്ദേഹം നിരന്തരം സ്വപ്നം കണ്ടു",Malayalam
കുമ്പസാരത്തിന്റെ അപ്പസ്തോലൻ എന്നും ഐക്യത്തിന്റെ അപ്പസ്തോലന് എന്നും അദ്ദേഹം അറിയപ്പെട്ടു,Malayalam
തൃശ്ശൂർ മുൻസിപ്പൽ കോർപ്പറേഷന്റെ വാർഡ് 3 ഉൾപ്പെടുന്ന സ്ഥലമാണ് വിയ്യൂർ,Malayalam
കേരളത്തിലെ നാല് സെന്റർ ജയിലുകളിലൊന്നായ വിയ്യൂർ സെന്റർ ജയിൽ ഇവിടെ സ്ഥിതിചെയ്യുന്നത്,Malayalam
വിയ്യൂർ വില്ലേജിലെ മറ്റു പ്രധാനപ്പെട്ട സർക്കാർ സ്ഥാപനങ്ങൾ ഗവ,Malayalam
"എൻജീനിയറിംഗ് കോളേജ്, ആകാശവാണി , ദൂരദർശൻ കേന്ദ്രം, ഫയർ ആന്റ് സേഫ്റ്റി റെസ്ക്യൂ സെന്റർ, വിജ്ഞാൻ സാഗർ, വൊക്കേഷണൽ ഹയർ സെക്കണ്ടറി സ്ക്കൂൾ എന്നിവയാണ്",Malayalam
സംസ്ഥാനപാത 22 വിയ്യൂരിലൂടെ കടന്നുപോകുന്നു,Malayalam
ഒരു അൾട്രാസോണിക് ഹാൻഡ്‌പീസ് ഉപയോഗിച്ച് കണ്ണിന്റെ ലെൻസ് എമൽ‌സിഫൈ ചെയ്ത് (കുഴമ്പ് രൂപത്തിൽ ആക്കി) കണ്ണിൽ നിന്ന് പുറത്തെടുക്കുന്ന ഒരു ആധുനിക തിമിര ശസ്ത്രക്രിയ രീതിയാണ് ഫേക്കോഇമൾ‌സിഫിക്കേഷൻ എന്ന് അറിയപ്പെടുന്നത്,Malayalam
2019-ലെ മിസ്സ് യൂണിവേഴ്സ് ആയി തെരഞ്ഞെടുക്കപ്പെട്ട ദക്ഷിണാഫ്രിക്കൻ മോഡലാണ് സോസിബിനി തുൻസി,Malayalam
മിസ്സ് യൂണിവേഴ്സ് പുരസ്കാരം കരസ്ഥമാക്കുന്ന മൂന്നാമത്തെ ദക്ഷിണാഫ്രിക്കക്കാരിയും 2011 മിസ്സ് യൂണിവേഴ്സ് കിരീടം കരസ്ഥമാക്കിയ ലെയ്‌ലാ ലോപ്പസിനു ശേഷമുള്ള ആദ്യത്തെ കറുത്ത വനിതാവിജയികൂടിയാണ് തുൻസി,Malayalam
2019 ലെ നൈജീരിയൻ ഡ്രാമ ത്രില്ലർ ചിത്രമാണ് എലിവേറ്റർ ബേബി,Malayalam
അകേ മേസൺ സംവിധാനം ചെയ്ത് നിയി അകിൻമോളയൻ നിർമ്മിച്ചു,Malayalam
നിയിയുടെ നിർമ്മാണ കമ്പനിയായ ആന്തിൽ സ്റ്റുഡിയോസ് ആണ് ഇത് നിർമ്മിച്ചത്,Malayalam
"ടോയിൻ എബ്രഹാം, ടിമിനി എഗ്ബുസൺ, സാംബാസ എൻസെറിബെ, സാമുവൽ ഒലാറ്റുഞ്ചി, എമെം ഉഫോട്ട്, ഷാഫി ബെല്ലോ എന്നിവർ അഭിനയിക്കുന്നു",Malayalam
2019-ലെ ഏറ്റവും കൂടുതൽ വരുമാനം നേടിയ നൈജീരിയൻ ചിത്രങ്ങളുടെ പട്ടികയിൽ എലിവേറ്റർ ബേബി ഇടംപിടിച്ചു,Malayalam
2017- ഒക്ടോബറിൽ പ്രദർശനത്തിനെത്തിയ മലയാള ചലച്ചിത്രമാണ് കാറ്റ്,Malayalam
"അരുൺ കുമാർ അരവിന്ദ് നിർമ്മാണവും  സംവിധാനവും  ചിത്രസംയോജനവും  നിർവഹിച്ചിരികുന്ന  ഈ ചിത്രത്തിൽ ആസിഫ് അലി,  മുരളിഗോപി,  വരലക്ഷ്മി ശരത്കുമാർ,  മാനസ രാധാകൃഷ്ണൻ  എന്നിവർ പ്രധാന കഥാപാത്രങ്ങളെ അവതരിപ്പിച്ചിരിക്കുന്നു",Malayalam
പദ്മരാജന്റെ  കഥയെ  അവലംബിച്ച് മകൻ അനന്തപദ്മനാഭനാണ് ഈ ചലച്ചിത്രത്തിന്റെ രചന ചെയ്തിരിക്കുന്നത്,Malayalam
ഛായാഗ്രഹണം പ്രശാന്ത് രവീന്ദ്രനും ഗാനരചന  റഫീഹ് അഹമ്മദും  സംഗീതം ദീപക് ദേവും ചെയ്തിരിക്കുന്നു,Malayalam
"ഓസ്ട്രിയൻ കവിയും ഓസ്ട്രിയൻ എക്സ്പ്രഷനിസ്റ്റുകളിൽ 
പ്രധാനിയുമാണ് കിയോർഗ് ട്രാക്കിൾ",Malayalam
പ്രശസ്ത പിയാനിസ്റ്റ് ഗ്രെറ്റെ ട്രാക്കിൾ സഹോദരരിയാണ്,Malayalam
"ശാരദാ പീഠ് (IAST: Śārada Pīṭh, Urdu: شاردا پیٹھ), ഔദ്യോഗികമായി ഇന്ത്യയുടെയും, പാകിസ്താൻ അന്യായമായി കൈവശം വച്ചിരിക്കുന്നതുമായ കാശ്മീർ പ്രദേശത്തെ ""ശാരദ"" എന്ന വില്ലേജിലെ ഒരു അമ്പലമാണ്",Malayalam
ഇത് വെടിനിറുത്തൽ രേഖയ്ക്കു തൊട്ടടുത്തായിട്ടാണ്,Malayalam
ഈ അമ്പലത്തിലെ പ്രതിഷ്ഠ സരസ്വതി (ശാരദ) ദേവിയാണ്,Malayalam
നീലം നദിയുടെ തീരത്ത് പാകിസ്താൻ കൈപ്പിടിയിലാക്കിയ ഇന്ത്യൻ പ്രദേശത്താണ് ഇതു സ്ഥിതി ചെയ്യുന്നത്,Malayalam
തോപ്പിൽ ഭാസി കഥയും തിരക്കഥയും സംഭാഷണവും രചിച്ച് എ,Malayalam
രാജ് സംവിധാനം ചെയ്ത് 1979-ൽ പുറത്തിറങ്ങിയ ഒരു മലയാളചലച്ചിത്രമാണ്കാലം കാത്തു നിന്നില്ല,Malayalam
ബാലചന്ദ്രൻ നിർമ്മിച്ച ഈ ചിത്രത്തിൽ,Malayalam
"പ്രേം നസീർ, ജയഭാരതി, ശങ്കരാടി, സുകുമാരി, ശ്രീലത എന്നിവരാണ് പ്രധാന കഥാപാത്രങ്ങളെ അവതരിപ്പിച്ചത്",Malayalam
"മങ്കൊമ്പ് ഗോപാലകൃഷ്ണൻ ,ചിറയിൻകീഴ് രാമകൃഷ്ണൻ നായർ എന്നിവർ എഴുതിയ ചിത്രത്തിലെ ഗാനങ്ങൾക്ക് എ",Malayalam
മനിഞ്ചൌ തടാകം ഇന്തോനേഷ്യയിലെ പടിഞ്ഞാറൻ സുമാത്രായിലുള്ള ഒരു കാൾഡർ തടാകമാണ്,Malayalam
ഇത്‍  ബുക്കറ്റിംഗ്ഗിയ്ക്ക് 36 കിലോമീറ്റർ അകലെയാണ് സ്ഥിതി ചെയ്യുന്നത്,Malayalam
"52,000 വർഷങ്ങൾക്ക് മുൻപ് നടന്ന ഒരു അഗ്നിപർവ്വത സ്ഫോടനത്തിലൂടെയാണ് മനിഞ്ചൌ അഗ്നിപർവ്വതമുഖം രൂപം കൊണ്ടത്",Malayalam
അഗ്നിപർവ്വതസ്ഫോടനത്തിൻറെ അവശിഷ്ടങ്ങൾ മനിഞ്ചൌ തടാകത്തിനു ചുറ്റുമായി കിഴക്കൻ ഭാഗത്തേക്ക് 50 കിലോമീറ്ററും 75 കിലോമീറ്റർ തെക്ക് കിഴക്കായും പടിഞ്ഞാറൻ തീരത്തോട് അടുത്ത പ്രദേശത്തും കാണപ്പെടുനു,Malayalam
ഈ അവശിഷ്ടങ്ങൾ 8500 km² പ്രദേശത്ത് 220–250 km³ അളവിൽ പരന്നുകിടക്കുന്നു,Malayalam
അഗ്നിപർവ്വതമുഖത്തിന് 20 കിലോമീറ്റർ നീളവും 8 കിലോമീറ്റർ വീതിയും ഉണ്ട്,Malayalam
രാജേശ്വരി ചാറ്റർജിശാസ്`ത്രജ്ഞയും അദ്ധ്യാപികയുമായിരുന്നു,Malayalam
"2010 സെപ്തംബർ 3ന് അന്തരിച്ചു
അവരായിരുന്നു കർണാടക യിൽ നിന്നുള്ള ആദ്യ വനിത എഞ്ചിനിയർ 
ബെംഗളൂരുവിലെ ഭാരത ശാസ്ത്ര ഇൻസ്റ്റിറ്റ്യൂട്ടിലെ സേവനകാലത്തിനിടയിൽ പ്രൊഫസ്സറും ഇലക്ട്രൊ- കമ്മയൂണിക്കേഷൻ എൻ ജിനിയറിങ്ങ് വകുപ്പിലെ അധ്യക്ഷയുമായിരുന്നു",Malayalam
ഇന്ത്യയിലെ ഒരു നോക്കൗട്ട് ഫുട്ബോൾ ടൂർണമെന്റാണ് 'സൂപ്പർ hopping,Malayalam
ഐ ലീഗിലെയും ഇന്ത്യൻ സൂപ്പർ ലീഗിലെയും 16 ടീമുകൾ ടൂർണമെന്റിൽ പങ്കെടുക്കുന്നുണ്ട്,Malayalam
അഖിലേന്ത്യാ ഫുട്ബോൾ ഫെഡറേഷൻ സംഘടിപ്പിക്കുന്ന ടൂര്ണമെന്റാണിത്,Malayalam
"അസർബെയ്ജാന്റെ ഭാഗമായ നാഖ്ചിവൻ സ്വയംഭരണ റിപ്പബ്ലിക്കൻ രാജ്യത്തിന്റെ തലസ്ഥാന നഗരമാണ് നാഖ്ചിവൻ സിറ്റി - Nakhchivan (Azerbaijani: Naxçıvan, Нахчыван, ناخجیوان)",Malayalam
അസർബെയ്ജാന്റെ തലസ്ഥാനമായ ബാകുവിൽ നിന്ന് 45 കിലോമീറ്റർ (280 മൈൽ) ദൂരത്ത് പടിഞ്ഞാറു ഭാഗത്തായാണ് ഈ നഗരം സ്ഥിതിചെയ്യുന്നത്,Malayalam
"അലിആബാദ്, നാഖ്ചിവൻ സിറ്റി എന്നി നഗരങ്ങളും ബസ്ബസി, ബുൽഖാൻ, ഹകിനിയ്യത്, ഖറക്‌സൻബയ്‌ലി, തുംബുൾ, ഖറഗാലിഖ്, ദസ്ദുസ് എന്നീ ഗ്രാമങ്ങളും ഉൾപ്പെട്ടതാണ് നാഖ്ചിവൻ മുൻസിപ്പാലിറ്റി",Malayalam
സങ്കേസുർ മലനിരകളുടെ താഴ്‌വരയിയിലായാണ് ഈ നഗരം വ്യാപിച്ചു കിടക്കുന്നത്,Malayalam
"സമുദ്ര നിരപ്പിൽ നിന്നും 873 മീറ്റർ (2,864 അടി) ഉയരത്തിൽ നാഖ്ചിവൻ നദിയുടെ വലതുഭാഗത്തായാണ് നാഖ്ചിവൻ നഗരം സ്ഥിതിചെയ്യുന്നത്",Malayalam
"2009 ജൂൺ 9ന് അസർബെയ്ജാൻ പ്രസിഡന്റിന്റെ ഉത്തരവ് പ്രാകാരം, അസർബെയ്ജാന്റെ ഭരണ പ്രദേശമായിരുന്ന ബാബെക് ജില്ലയിലെ ബുൽഖൻ, ഗരാചുഗ്, ഗരഖൻബെയ്‌ലി, തുംബുൾ, ഹകിനിയ്യത് എന്നീ ഗ്രാമങ്ങൾ നാഖ്ചിവൻ സിറ്റിയുടെ ഭരണ അതിർത്തിയുടെ ഭാഗമാക്കിയിട്ടുണ്ട്",Malayalam
കൊല്ലവർഷത്തിലെ  പത്താമത്തെ മാസമാണ് ഇടവം,Malayalam
സൂര്യൻ ഇടവം  രാശിയിലൂടെ  സഞ്ചരിക്കുന്ന സമയമാണ് ഇടവമാസം,Malayalam
മേയ്-ജൂൺ മാസങ്ങൾക്ക് ഇടക്കാണ് ഇടവമാസം വരിക,Malayalam
തമിഴ് മാസങ്ങളായ വൈകാശി-ആണി എന്നിവയ്ക്ക് ഇടക്കാണ് ഇടവമാസം വരിക,Malayalam
കേരളത്തിലെ രണ്ട് മഴക്കാലങ്ങളിൽ ഒന്നായ ഇടവപ്പാതി വരുന്നത് ഇടവമാസം പകുതിയോടെയാണ് (ഏകദേശം ജൂൺ 1-ഓടെ),Malayalam
"ഇന്നത്തെ ലെബനൻ കേന്ദ്രമാക്കി 1200 BC–539 BC കാലഘട്ടത്തിൽ നിലനിന്നിരുന്ന പുരാതന സെമെടിക് സംസ്കാരമാണ് ഫിനീഷ്യൻ സംസ്കാരം((UK /fɨˈnɪʃə/ or US /fəˈniːʃə/;[2] from the Greek: Φοινίκη, Phoiníkē; Arabic: فينيقية‎, Fīnīqīyah))",Malayalam
"ടൈഗ്രിസ്,യൂഫ്രട്ടീസ്,നൈൽ നദികളുടെ തടങ്ങളിൽ , ഫെർറ്റൈൽ ക്രസന്റ് എന്ന് വിളിച്ചിരുന്ന പ്രദേശങ്ങളിൽ ഈ സംസ്കാരം വികാസം പ്രാപിച്ചു",Malayalam
"ബിബ്ലസ് (Byblos 1200 BC–1000 BC),ടൈർ (Tyre 1000 BC–333 BC),കാർത്തേജ്  (333 BC–149 BC) എന്നീ നഗരങ്ങൾ ആയിരുന്നു ഈ സംസ്കാരത്തിൻറെ തലസ്ഥാനങ്ങൾ
അൾജീരിയ,സൈപ്രസ്,ഫ്രാൻസ്,ഗ്രീസ്,ഇസ്രയേൽ,ഇറ്റലി,ജോർദാൻ,ലെബനൻ,ലിബിയ,മാൾട്ട,മൊറോക്കോ,പോർചുഗൽ,സ്പെയിൻ,സിറിയ,ടുണീഷ്യ,ടർക്കി എന്നീ രാജ്യങ്ങളിൽ ഈ സംസ്കാരം നിലനിന്നിരുന്നു",Malayalam
ഫിനീഷ്യൻ സംസ്കാരത്തിലെ പ്രധാന നഗരങ്ങൾ എല്ലാം മദ്ധ്യധരണ്യാഴിയുടെ തീരങ്ങളിൽ ആയിരുന്നു,Malayalam
സമുദ്ര സഞ്ചാരങ്ങളിലും അതുവഴി ഉള്ള വ്യാപാരങ്ങളിലും ആയിരുന്നു ഫീനീഷ്യർ പ്രസിദ്ധി നേടിയിരുന്നത്,Malayalam
ഗാലി (Galley)  എന്ന കപ്പലുകളിൽ ഇവർ സഞ്ചരിച്ചു,Malayalam
ബൈറീം (bireme) എന്നയിനം യുദ്ധക്കപ്പലുകൾ ഫിനീഷ്യരുടെ കണ്ടുപിടിത്തമാണ്,Malayalam
മ്യൂറെക്സ് എന്നയിനം കടൽ ഒച്ചുകളിൽ നിന്നും നിർമ്മിക്കുന്ന ഊത വർണ്ണവസ്തുവിന്റെ വിപണനത്തിലും ഇവർ കുത്തക കൈവരിച്ചിരുന്നു,Malayalam
ഗോപികുമാർ സംവിധാനം ചെയ്ത് കെ എച്ച് ഖാൻ സാഹിബ് നിർമ്മിച്ച 1977 ലെ ഇന്ത്യൻ മലയാള ചിത്രമാണ് ഹർഷബാഷ്പം,Malayalam
"യേശുദാസ്, അടൂർ ഭാസി, ബഹദൂർ, ജനാർദ്ദനൻ എന്നിവർ പ്രധാന കഥാപാത്രങ്ങളെ അവതരിപ്പിക്കുന്നു",Malayalam
ചിത്രത്തിൽ കാനം ഈ ജെ എഴുതിയ വരികൾക്ക് എം കെ അർജുനന്റെ സംഗീതം ഉണ്ട്,Malayalam
തങ്കമണി സംഭവത്തെ ആസ്പദമാക്കി രതീഷ് രഘുനന്ദൻ എഴുതി സംവിധാനം ചെയ്ത് 2024-ൽ പുറത്തിറങ്ങിയ  ക്രൈം ത്രില്ലർ ചിത്രമാണ് 'തങ്കമണി: ദി ബ്ലീഡിംഗ് വില്ലേജ്',Malayalam
Bu liste İspanya bulunan Sevilla ilindeki belediyeler listesinin bir sayfasıdır,Turkish
"B20B20B18

Kışlaköy, Erzurum ilinin Narman ilçesine bağlı bir kırsal mahalledir",Turkish
"Ourisia, Plantaginaceae familyasına bağlı bir bitki cinsidir",Turkish
"Bishops Lydeard, İngiltere'nin Somerset kontluğunda bulunan bir civil parish",Turkish
"Boncuk; ortası delik, çoğu yuvarlak ve renkli süs tanesidir",Turkish
"Boncuk şu anlamlara da gelebilir:

Boncuk Yılmaz
Boncuk, Besni",Turkish
"Kamigyō (Japonca: 上京区, romanize: Kamigyō-ku), Japonya'nın Kyoto kentinin 11 semtinden biridir",Turkish
"Semt, kentin doğusunda Kamo Nehri'nin batı kıyısında yer almaktadır",Turkish
"Yüzölçümü 7,48 km² olan semtin nüfusu 1 Ocak 2020 tarihi itibarı ile 83",Turkish
"Kamigyō, daha önce eski başkentte imparatorluk ailesi ve üst sınıflar için bir konut bölgesiydi",Turkish
"Semt, Kyoto İmparatorluk Sarayı, Kitano Tenman-gū ve Seimei Tapınağı'na ev sahipliği yapmaktadır",Turkish
"Üçtepe, Sivas ilinin Merkez ilçesine bağlı bir köydür",Turkish
"Akçasu, Bilecik ilinin Söğüt ilçesine bağlı bir köydür",Turkish
"Aanund Hylland (19 Ekim 1949, Oslo - 4 Nisan 2025, Oslo, Norveç), Norveçli ekonomist ve akademisyen",Turkish
"Amancio Ortega Gaona (İspanyolca telaffuz: [aˈmanθio oɾˈteɣa gaˈona]; 8 Mart 1936), Zara ve Bershka gibi moda markalarıyla bilinen Inditex'in kurucusu İspanyol iş adamı",Turkish
Forbes'e göre 2022 itibarıyla dünyanın en zengin 23,Turkish
"kişisi, Statista'ya göre ise İspanya'nın en zengin kişisidir",Turkish
"Euphorbia corollata, Euphorbia cinsine bağlı bir bitki türüdür",Turkish
"Frankfurt Meclisi (Almanca: Frankfurter Nationalversammlung), tüm Almanya'yı temsil eden bağımsız ve seçilmiş ilk meclisti",Turkish
Oturum 18 Mayıs 1848'den 31 Mayıs 1849'a kadar Frankfurt'taki Aziz Pavlus Kilisesi'nde gerçekleştirildi,Turkish
"Meclisin kurulması Alman Konfederasyonu devletlerindeki ""Mart Devrimi""nin bir parçası ve sonucudur",Turkish
"Uzun ve ihtilaflı görüşmeler sonunda meclis, parlamenter demokrasi temellerine dayanan bir Alman İmparatorluğu'nu ilan eden Frankfurt Anayasası'nı (Paulskirchenverfassung, Paulskirche Anayasası ya da Verfassung des Deutschen Reiches) ortaya çıkardı",Turkish
"Bu anayasa, Vormärz'ın liberal ve milliyetçi hareketlerinin taleplerini karşıladı ve temel haklar için zemin hazırladı",Turkish
"Bu anayasa ve dayandığı noktalar, Metternich'in Restorasyon sistemine muhalefet olarak ortaya çıktı",Turkish
Anayasa ayrıca hanedan üyesi imparator (Kaiser) tarafından yönetilen bir parlamenter monarşi de öneriyordu,Turkish
"Friedrich Wilhelm, kendisine bu yönetim önerildiğinde Alman devletlerinin prenslerinin haklarının kısıtlanacağı gerekçesiyle öneriyi reddetti",Turkish
yüzyılda Frankfurt Anayasası'nın temel unsurları 1919 tarihli Weimar Anayasası ve 1949 tarihli Grundgesetz için model oluşturdu,Turkish
Hayır Bey (Gerçek adı Hayrabay'dır,Turkish
"5 Ekim 1522), Memlük Devleti ve Osmanlı İmparatorluğu'nda görev yapmış Çerkes asıllı asker ve devlet adamı",Turkish
"Hubyar Sultan veya Hubyar Sultan Dede, 16",Turkish
"yüzyılda yaşamış Alevî-Bektâşî Türkmen Pîr ve Şeyhi olup, Alevîlerin Türkmen Pîr ve Şeyhi olan Seyyid Hacı Bektaş Velî'nin Alevî-Bektâşî tarikatına mensup büyük Alevî-Bâtınî tasavvuf alimlerindendir",Turkish
Celali isyanları sırasında Tokat ili Almus ilçesi Hubyar köyüne geldiği ve burada türbesi bulunan Alevî Türkmen ocağı olan Hubyar Ocağının kurucusu olarak bilinen kişidir,Turkish
Ayrıca Hubyar Sultan'ın Anadolu'ya geldikten sonra Antalya tarafında konakladıktan sonra Tokat Erkilet isimli köye yerleştiği de iddia edilmektedir,Turkish
Hubyar Sultan'ın bu kadar tanınmasının bir nedeni ise Ahmed Yesevi ile aynı kişi olduğu iddialarına dayanır,Turkish
Hubyar Sultan Tokat ilinin yüksek dağlık kesimlerine ailesi ile birlikte Celâli isyanlarının bastırılmasında yapılan katliamlar nedeniyle taşınmıştır,Turkish
"15 Haziran 2018), İnngiliz oyuncu ve cinayet zanlısı hükümlüdür",Turkish
"Oyuncu Leslie Frantham 30 Nisan 1947'de Camberwell, Londra'da doğdu",Turkish
1962'de İngiliz Ordusuna katıldı,Turkish
"1966 yılında, Almanya'nın Osnabrueck şehrinde görev aldığı esnada balistik travma sonucu onu soymaya çalışan bir taksi şoförünün ölmesine neden oldu",Turkish
Cinayet suçundan mahkûm edildi ve ömür boyu hapis cezasına çarptırıldı,Turkish
1977'de hapistten af ile serbest bırakıldı,Turkish
1983'te oyunculuk kariyerine başladı,Turkish
Tv dizisi Den Watts karakterini canlandırdığı EastEnders 'da 1985-1989 ve 2003-2005 yılları arasında ekranlara geldi,Turkish
"İngiliz oyuncu ve eski hükümlü Leslie Grantham, 15 Haziran 2018'de akciğer kanseri ile komplike pulmoner emboli nedeniyle 71 yaşında öldü",Turkish
"Pilatus PC-7 Turbo Trainer, Pilatus Aircraft tarafından üretilen İsviçre yapımı bir turboprop eğitim uçağıdır",Turkish
İlk uçuşunu 12 Nisan 1966 tarihinde gerçekleştirmiş olup 1978 yılında hizmete girmiştir,Turkish
"Uçak, aerobik, alet, taktik ve gece uçması dahil olmak üzere tüm temel eğitim işlevlerine sahiptir",Turkish
"PC-7, günümüzde 20'nin üzerinde hava kuvvetleri tarafından kullanılmaktadır",Turkish
"Making History, Julius Sharpe tarafından Fox Broadcasting Company için yaratılmış bir Amerikan komedi televizyon dizisidir",Turkish
"Yönetmenliğini Phil Lord ve Christopher Miller'in yaptığı, Julius Sharpe tarafından yaratılan ve yazılan dizide Adam Pally, Leighton Meester ve Yassir Lester rol alıyor",Turkish
"Ciudadela, Arjantin'in Buenos Aires eyaletinde yer alan bir şehirdir",Turkish
Sergey Maksimilyanoviç Romanovski (Rusça: Сергей Максимилианович Рома́новский; d,Turkish
"20 Aralık 1849, Sankt-Peterburg – ö",Turkish
"24 Ekim 1877, İvanovo, Rusçuk), Rus tümgeneral, Leuchtenberg Dükü ve Romanov Hânedanı'nın bir üyesidir",Turkish
"Babası Fransız-Alman asıllı Maksimilyan de Beauharnais, annesi ise I",Turkish
Aleksandr'ın kızı Mariya Nikolayevna'dır,Turkish
Napolyon'un eşi Joséphine de Beauharnais'in torununun oğludur,Turkish
"Romanovski, 93 Harbi sırasındaki Yovan Çiftliği Muharebesi'nde, Osmanlı askerleri tarafından alnından kurşunlanarak öldürüldü",Turkish
"Böylece, bir savaşta öldürülen ilk Romanov âzâsı oldu",Turkish
Stenaelurillus Salticidae familyasına bağlı bir örümcek cinsidir,Turkish
"Masparraute, Fransa'nın Yeni Akitanya bölgesine bağlı Pyrénées-Atlantiques ilinde bulunan bir komündür",Turkish
"İksir, yönetmenliğini Birkan Uz'un; animasyon yönetmenliğini Sarxan Hamidov'un yaptığı Türk yapımı canlı çekim/animasyon filmdir",Turkish
Martin Christensen Braithwaite (/ˈbræθweɪt/; d,Turkish
"5 Haziran 1991), santrfor pozisyonunda oynayan Guyana asıllı Danimarkalı millî futbolcudur",Turkish
"Kariyerine Esbjerg fB'de başladıktan sonra Ligue 1'de Toulouse ve Bordeaux, La Liga'da ise Leganés ve Barcelona formalarını giydi",Turkish
Ayrıca İngiltere'de Middlesbrough ile iki yıl geçirdi,Turkish
2022'de Espanyol'a transfer oldu,Turkish
"Braithwaite, Danimarka için ilk uluslararası çıkışını 2013 yılında yaptı ve 60'ın üzerinde forma giydi",Turkish
"Danimarka'nın 2018 FIFA Dünya Kupası, 2020 Avrupa Futbol Şampiyonası ve 2022 FIFA Dünya Kupası kadrolarında yer aldı ve 2020 turnuvasında yarı finale kadar yükseldi",Turkish
"Cymakra, Conidae familyasına bağlı bir cinstir",Turkish
"Schinia erosa, Schinia cinsine bağlı bir hayvan türüdür",Turkish
"मंड्लेम्, जूपाडु बंग्ला मण्डल में भारत के आन्ध्रप्रदेश राज्य के अन्तर्गत के कर्नूलु जिले का एक गाँव है।",Hindi
"किलपारा, कपकोट तहसील में भारत के उत्तराखण्ड राज्य के अन्तर्गत कुमाऊँ मण्डल के बागेश्वर जिले का एक गाँव है।",Hindi
एकाला नेपाल के लुम्बिनी अंचल का रुपन्देही जिला का एक गांव विकास समिति है। यह जगह मै १२३० घर है।,Hindi
"शीतल, विरल एक कानून शोभित अधित्यका के ऊपर, 
कहीं उत्स-प्रस्त्रवण चमकते, झरते कहीं शुभ निर्झर। 
जहाँ भूमि समतल, सुन्दर है, नहीं दीखते है पाहन, 
हरियाली के बीच खड़ा है, विस्तृत एक उटज पावन। 

आस-पास कुछ कटे हुए पीले धनखेत सुहाते हैं, 
शशक, मूस, गिलहरी, कबूतर घूम-घूम कण खाते हैं। 
कुछ तन्द्रिल, अलसित बैठे हैं, कुछ करते शिशु का लेहन, 
कुछ खाते शाकल्य, दीखते बड़े तुष्ट सारे गोधन। 

हवन-अग्नि बुझ चुकी, गन्ध से वायु, अभी, पर, माती है, 
भीनी-भीनी महक प्राण में मादकता पहुँचती है, 
धूम-धूम चर्चित लगते हैं तरु के श्याम छदन कैसे? 
झपक रहे हों शिशु के अलसित कजरारे लोचन जैसे। 

बैठे हुए सुखद आतप में मृग रोमन्थन करते हैं, 
वन के जीव विवर से बाहर हो विश्रब्ध विचरते हैं। 
सूख रहे चीवर, रसाल की नन्हीं झुकी टहनियों पर, 
नीचे बिखरे हुए पड़े हैं इंगुद-से चिकने पत्थर। 

अजिन, दर्भ, पालाश, कमंडलु-एक ओर तप के साधन, 
एक ओर हैं टँगे धनुष, तूणीर, तीर, बरझे भीषण। 
चमक रहा तृण-कुटी-द्वार पर एक परशु आभाशाली, 
लौह-दण्ड पर जड़ित पड़ा हो, मानो, अर्ध अंशुमाली। 

श्रद्धा बढ़ती अजिन-दर्भ पर, परशु देख मन डरता है, 
युद्ध-शिविर या तपोभूमि यह, समझ नहीं कुछ पड़ता है। 
हवन-कुण्ड जिसका यह उसके ही क्या हैं ये धनुष-कुठार? 
जिस मुनि की यह स्रुवा, उसी की कैसे हो सकती तलवार? 

आयी है वीरता तपोवन में क्या पुण्य कमाने को? 
या संन्यास साधना में है दैहिक शक्ति जगाने को? 
मन ने तन का सिद्ध-यन्त्र अथवा शस्त्रों में पाया है? 
या कि वीर कोई योगी से युक्ति सीखने आया है? 

परशु और तप, ये दोनों वीरों के ही होते श्रृंगार, 
क्लीव न तो तप ही करता है, न तो उठा सकता तलवार। 
तप से मनुज दिव्य बनता है, षड् विकार से लड़ता है, 
तन की समर-भूमि में लेकिन, काम खड्ग ही करता है। 

किन्तु, कौन नर तपोनिष्ठ है यहाँ धनुष धरनेवाला? 
एक साथ यज्ञाग्नि और असि की पूजा करनेवाला? 
कहता है इतिहास, जगत् में हुआ एक ही नर ऐसा, 
रण में कुटिल काल-सम क्रोधी तप में महासूर्य-जैसा! 

मुख में वेद, पीठ पर तरकस, कर में कठिन कुठार विमल, 
शाप और शर, दोनों ही थे, जिस महान ऋषि के सम्बल। 
यह कुटीर है उसी महामुनि परशुराम बलशाली का, 
भृगु के परम पुनीत वंशधर, व्रती, वीर, प्रणपाली का। 

हाँ-हाँ, वही, कर्ण की जाँघों पर अपना मस्तक धरकर, 
सोये हैं तरुवर के नीचे, आश्रम से किंचित् हटकर। 
पत्तों से छन-छन कर मीठी धूप माघ की आती है, 
पड़ती मुनि की थकी देह पर और थकान मिटाती है। 
कर्ण मुग्ध हो भक्ति-भाव में मग्न हुआ-सा जाता है, 
कभी जटा पर हाथ फेरता, पीठ कभी सहलाता है, 
चढें नहीं चीटियाँ बदन पर, पड़े नहीं तृण-पात कहीं, 
कर्ण सजग है, उचट जाय गुरुवर की कच्ची नींद नहीं। 

'वृद्ध देह, तप से कृश काया, उस पर आयुध-संचालन, 
हाथ, पड़ा श्रम-भार देव पर असमय यह मेरे कारण। 
किन्तु, वृद्ध होने पर भी अंगों में है क्षमता कितनी, 
और रात-दिन मुझ पर दिखलाने रहते ममता कितनी। 

'कहते हैं, 'ओ वत्स! पुष्टिकर भोग न तू यदि खायेगा, 
मेरे शिक्षण की कठोरता को कैसे सह पायेगा? 
अनुगामी यदि बना कहीं तू खान-पान में भी मेरा, 
सूख जायगा लहू, बचेगा हड्डी-भर ढाँचा तेरा। 

'जरा सोच, कितनी कठोरता से मैं तुझे चलाता हूँ, 
और नहीं तो एक पाव दिन भर में रक्त जलाता हूँ। 
इसकी पूर्ति कहाँ से होगी, बना अगर तू संन्यासी, 
इस प्रकार तो चबा जायगी तुझे भूख सत्यानाशी। 

'पत्थर-सी हों मांस-पेशियाँ, लोहे-से भुज-दण्ड अभय, 
नस-नस में हो लहर आग की, तभी जवानी पाती जय। 
विप्र हुआ तो क्या, रक्खेगा रोक अभी से खाने पर? 
कर लेना घनघोर तपस्या वय चतुर्थ के आने पर। 

'ब्राह्मण का है धर्म त्याग, पर, क्या बालक भी त्यागी हों? 
जन्म साथ, शिलोंछवृत्ति के ही क्या वे अनुरागी हों? 
क्या विचित्र रचना समाज की? गिरा ज्ञान ब्राह्मण-घर में, 
मोती बरसा वैश्य-वेश्म में, पड़ा खड्‌ग क्षत्रिय-कर में।",Hindi
"संकाय एक विश्वविद्यालय या महाविद्यालय के भीतर एक प्रभाग है जिसमें एक विषय क्षेत्र या संबंधित विषय क्षेत्रों का एक समूह शामिल होता है, जो संभवतः स्तर (जैसे स्नातक) द्वारा भी सीमांकित होता है।  उत्तरी अमेरिका में, शैक्षणिक प्रभागों को कभी-कभी महाविद्यालय, विद्यालय अथवा विभाग शीर्षक दिया जाता है, तथा विश्वविद्यालय कभी-कभी शब्दावली के मिश्रण का उपयोग करते हैं, उदाहरण के लिए, हार्वर्ड विश्वविद्यालय में कला और विज्ञान संकाय और एक विधि विद्यालय है।",Hindi
"एमिरेट्स त्रिकोणीय टूर्नामेंट एक क्रिकेट त्रिकोणीय शृंखला थी जिसमें 1998 के अंतर्राष्ट्रीय सत्र में एक दूसरे और मेज़बान इंग्लैंड के खिलाफ श्रीलंका और दक्षिण अफ्रीका के दौरे शामिल थे। टूर्नामेंट के खिलाड़ी मार्वन अटापट्टू के नाबाद 132 रन की बदौलत श्रीलंका ने फाइनल में इंग्लैंड को हराकर टूर्नामेंट जीता।
ये मैच इंग्लैंड में रंगीन कपड़ों में खेले गए पहले आधिकारिक एक दिवसीय मैच थे। इंग्लैंड हल्के नीले, हरे रंग में दक्षिण अफ्रीका और गहरे नीले रंग में श्रीलंका पहने हुए हैं।",Hindi
"जॉन (डी) बैलियोल (John (de) Balliol; ल॰ 1249 – 1314) सन् 1292 से 1296 तक स्कॉट राजा थे। उन्हें उपहासपूर्वक टूम टैबर्ड (Toom Tabard; अर्थात् 'खाली कोट') के नाम से जाना जाता था। उनके शुरुआती जीवन के बारे में बहुत कम जानकारी उपलब्ध है। नॉर्वे की कुमारी मार्गरेट की मृत्यु के बाद स्कॉटलैण्ड अंतर्शासन काल (शासन सम्बंधी अव्यवस्था) से गुजरने लगा और इसी दौरान स्कॉटलैण्ड के राजसिंहासन के लिए कई दावेदारों ने अपनी-अपनी दावेदारी पेश की। इंग्लैण्ड के राजा एडवर्ड प्रथम के नेतृत्व में चुने हुए कुछ कुलीन व्यक्तियों के एक समूह ने इन्हीं दावेदारों में से बैलियोल को स्कॉटलैण्ड के नये राजा के रूप में चुना।
एडवर्ड ने इस प्रक्रिया पर अपने प्रभाव का इस्तेमाल करके स्कॉटलैंड को अपने अधीन कर लिया और स्कॉटलैंड को इंग्लैंड का एक जागीरदार मानकर बैलियोल के निजी शासन को कमज़ोर कर दिया। स्कॉटिश रईसों के दबाव में आकर बैलियोल ने फ्रांस के साथ एक संधि पर हस्ताक्षर किए, जिसे ""ऑल्ड अलायंस"" के नाम से जाना जाता है और एडवर्ड के प्रति अपनी निष्ठा त्याग दी।",Hindi
"विद्युत मशीनों के सन्दर्भ में, ब्रश (brush) या कार्बन ब्रश किसी नरम एवं विद्युतचालक पदार्थ से बना हुआ एक घनाभ के आकार की युक्ति है जो दो विद्युत परिपथों को जोड़ता है जिनमें से एक परिपथ घूर्णनशील है (विद्युत मशीन के रोटर पर) तथा दूसरा परिपथ अचल प्रायः मशीन के स्टेटर पर) स्थित होता है। उदाहरण के लिए यह ब्रश डीसी मोटर, डीसी जनित्र, अल्टरनेटर आदि में प्रयुक्त होता है।
ब्रश प्रायः ग्रेफाइट/कार्बन के पाउडर से बनाया जाता है। पाउडर को किसी प्रेस में अत्यधिक दाब पर दबाते हैं। फिर इसकी १२०० डिग्री पर सिन्टरिंग की जाती है। अन्त में इसको ग्राइन्डिंग करके सही आकार में लाया जाता है।",Hindi
"बहदूर्पूर, जैनथ मण्डल में भारत के आन्ध्रप्रदेश राज्य के अन्तर्गत के अदिलाबादु जिले का एक गाँव है।",Hindi
एडकोड (Edakkode) भारत के केरल राज्य के तिरुवनन्तपुरम ज़िले में स्थित एक नगर है। यह तिरुवनन्तपुरम का एक उपनगर है।,Hindi
"कौशल विकास और उद्यमिता मंत्रालय भारत सरकार का एक मंत्रालय है जो 9 नवंबर 2014 को देश भर में सभी कौशल विकास प्रयासों को समन्वित करने के लिए स्थापित किया गया है। [२] औद्योगिक प्रशिक्षण, शिक्षुता और अन्य कौशल विकास जिम्मेदारियों को 16 अप्रैल 2015 को श्रम और रोजगार मंत्रालय से इस नए बने मंत्रालय में स्थानांतरित कर दिया गया था। इसका उद्देश्य कुशल जनशक्ति की मांग और आपूर्ति के बीच के अंतर को दूर करना है, न केवल मौजूदा नौकरियों के लिए नए कौशल और नवीन सोच का निर्माण करना है, बल्कि उन नौकरियों के लिए भी जो पैदा होनी हैं।",Hindi
"शेख एजाज़ निसार, एक पाकिस्तानी राजनेता हैं, एवं पाकिस्तान के प्रांत पंजाब के पूर्व कार्यवाहक मुख्यमंत्री भी रह चुके हैं। उनका कार्यकाल २००७ से २००८ तक रहा था।",Hindi
"जयश्री काक ओडिन एक कश्मीरी लेखिका है जो अमेरिका के हवाई विश्वविद्यालय में प्रोफेसर है।
उनका शोध शैव दर्शन और कश्मीर की कवियित्री लल्लेश्वरी पर हुआ है। उन्होंने कश्मीर की सूफी ऋषि परम्परा पर भी लिखा है और नन्द ऋषि की कविताओं का अनुवाद किया है।
उन्होंने टेक्नालिजी और समाज पर भी शोध किया है।",Hindi
"राजसेरा, बेतालघाट तहसील में भारत के उत्तराखण्ड राज्य के अन्तर्गत कुमाऊँ मण्डल के नैनीताल जिले का एक गाँव है।",Hindi
"थ्रो बॉल (अंग्रेज़ी: Throwball) बिना विपक्षी खिलाड़ी को संपर्क किये, एक गेंद से खेला जाने वाला खेल है जो एक आयताकार कोर्ट (मैदान) पर नौ खिलाड़ियों की दो टीमों के बीच खेला जाता है।
थ्रो बॉल एशिया में, खास तौर पर भारतीय उपमहाद्वीप में लोकप्रिय है। इसे पहली बार 1940 के दशक में भारत के चेन्नई में महिलाओं के खेल के रूप में खेला गया था। वालीबॉल की तरह इस खेल की जड़ें वाईएमसीए से जुड़ी हुई हैं। वालीबॉल और न्यूकॉम्ब बॉल दोनों ही पुराने खेल हैं, लेकिन थ्रो बॉल के साथ कई समानताएँ साझा करते हैं। थ्रो बॉल के नियम पहली बार सन् 1955 में बनाए गए थे और भारत की पहली राष्ट्रीय स्तर की चैंपियनशिप 1980 में खेली गई थी।
अंतर्राष्ट्रीय थ्रो बॉल महासंघ इस खेल का सर्वोच्च शासी निकाय है।",Hindi
"ग्वाडी-उ०व०-२, यमकेश्वर तहसील में भारत के उत्तराखण्ड राज्य के अन्तर्गत गढ़वाल मण्डल के पौड़ी जिले का एक गाँव है।",Hindi
यॆनुमलदॊड्डि (अनंतपुर) में भारत के आन्ध्रप्रदेश राज्य के अन्तर्गत के अनंतपुर जिले का एक गाँव है।,Hindi
"बोड़ो या बड़ो (असमिया : बड़ो भाषा) एक तिब्बती-बर्मी भाषा है जिसे भारत के उत्तरपूर्व, नेपाल और बांग्लादेश मे रहने वाले बोडो लोग बोलते हैं। बोडो भाषा भारतीय राज्य असम की आधिकारिक भाषाओं में से एक है। भारत में यह विशेष संवैधानिक दर्जा प्राप्त २२ अनुसूचित भाषाओं में से एक है। बोडो भाषा आधिकारिक रूप से देवनागरी लिपि में लिखी जाती है।

बोड़ो भाषा की लिपि निर्धारण के समय एक परीक्षा के जैसी घड़ी थी। बोड़ो इलाके में इसाई आतंकवादी संगठनों का बोलबाला था। समानान्तर सरकार चलती थी। बोड़ो साहित्य सभा में बोड़ो भाषा की लिपि के मताधिकार के समय देवनागरी और असमिया लिपि चाहने वाले एक हो गये जिससे रोमन लिपि चाहने वाले समूह की हार हो गयी। देवनागरी बोड़ो भाषा की लिपि बन गई। उस आक्रोश में संदिग्ध NDFB आतंकवादियों ने बोड़ो साहित्य सभा के अध्यक्ष श्री बिनेश्वर ब्रह्म की 19 अगस्त 2000 को हत्या कर दी। बीनेश्वर ब्रह्म ने अपनी सेवा 1968 से देबरगाँव हाईस्कूल में हिन्दी शिक्षक के रूप में आरम्भ की थी।",Hindi
"हंसूडी-पू०मनि०१, पौडी तहसील में भारत के उत्तराखण्ड राज्य के अन्तर्गत गढ़वाल मण्डल के पौड़ी जिले का एक गाँव है।",Hindi
जॉन क्रॉमवेल माथर (John Cromwell Mather; जन्म 7 अगस्त 1946) अमेरिकी भौतिक विज्ञानी हैं जिन्हें 2006 में भौतिकी का नोबेल पुरस्कार मिला।,Hindi
"सारिका शिव प्रसाद (जन्म 7 नवंबर 1959) एक सिंगापुरी अंतरराष्ट्रीय क्रिकेट अंपायर हैं। उन्होंने 2009 के महिला क्रिकेट विश्व कप के दौरान पांच मैचों में अंपायरिंग भी की, जिसमें तीसरा स्थान प्लेऑफ़ मैच भी शामिल है। प्रसाद का जन्म विशाखापत्तनम, भारत में हुआ था।
जनवरी 2022 में, उन्हें वेस्ट इंडीज में 2022 आईसीसी अंडर-19 क्रिकेट विश्व कप के लिए ऑन-फील्ड अंपायरों में से एक के रूप में नामित किया गया था।",Hindi
बरिमल में भारत के बिहार राज्य के अन्तर्गत मगध मण्डल के औरंगाबाद जिले का एक गाँव है।,Hindi
727 ग्रेगोरी कैलंडर का एक साधारण वर्ष है।,Hindi
हाजी अब्दुल सलाम भारत के वरिष्ठ सदन राज्यसभा के सदस्य हैं।,Hindi
"मुप्पाल, नंदिगाम मण्डल में भारत के आन्ध्रप्रदेश राज्य के अन्तर्गत के कृष्णा जिले का एक गाँव है।",Hindi
"चौमूं विधानसभा क्षेत्र राजस्थान का एक विधानसभा क्षेत्र है। 
 ये विधानसभा जयपुर जिले के  सीकर लोकसभा के अंतर्गत आता है। वर्तमान में इस विधानसभा का प्रतिनिधित्व कांग्रेस पार्टी से शिखा मील बराला कर रही हैं।",Hindi
"जोराम (Joram) सन् 2023 की भारतीय हिन्दी थ्रिलर फ़िल्म है। इसे देवाशीष मखीजा ने लिखा और निर्देशित किया है तथा मखीजाफिल्म के साथ ज़ी स्टूडियो द्वारा निर्मित किया गया है। इसमें मनोज बाजपेयी, तन्निष्ठा चटर्जी और स्मिता तांबे मुख्य अभिनय भूमिका में हैं।
मखीजा और बाजपेयी की ये तीसरी फ़िल्म है जिसमें इन दोनों ने साथ में काम किया है। इससे पहले सन् 2016 की लघु फ़िल्म तांडव और सन् 2018 की डार्क ड्रामा फ़िल्म भोंसले में उन्होंने साथ काम किया था।
जोराम को 8 दिसंबर 2023 को सिनेमाघरों में जारी किया गया था। बाजपेयी के लिए सर्वश्रेष्ठ फ़िल्म (आलोचक) और सर्वश्रेष्ठ अभिनेता (आलोचक) के साथ 69वें फ़िल्मफ़ेयर पुरस्कार में फ़िल्म को तीन नामांकन मिले जिसमें से सर्वश्रेष्ठ फ़िल्म का पुरस्कार बाजपेयी जीता।",Hindi
"तालड, बागेश्वर (सदर) तहसील में भारत के उत्तराखण्ड राज्य के अन्तर्गत कुमाऊँ मण्डल के बागेश्वर जिले का एक गाँव है।",Hindi
दानापुर गिरिडीह एक्स्प्रेस 12G11  भारतीय रेल द्वारा संचालित एक मेल एक्स्प्रेस ट्रेन है। यह ट्रेन दानापुर रेलवे स्टेशन (स्टेशन कोड:DNR) से 07:00PM बजे छूटती है और गिरिडीह रेलवे स्टेशन (स्टेशन कोड:GRD) पर 04:30AM बजे पहुंचती है। इसकी यात्रा अवधि है 9 घंटे 30 मिनट।,Hindi
"स्टीव ऑस्टिन (जन्म स्टीवन जेम्स ऐंडरसन, बाद में स्टीवन जेम्स विलियम्स; 18 दिसम्बर 1964), एक अमेरिकी फिल्म और टेलीविजन अभिनेता और सेवानिवृत्त पेशेवर पहलवान बेहतर उसके रिंग नेम ""स्टोन कोल्ड"" स्टीव ऑस्टिनद्वारा जाना जाता है। ऑस्टिन ऐसी विश्व कुश्ती चैम्पियनशिप (WCW), चरम कुश्ती चैम्पियनशिप (ECW) और सबसे मशहूर, विश्व कुश्ती महासंघ (डब्लू डब्लू एफ) के रूप में कई अच्छी तरह से ज्ञात कुश्ती पदोन्नति के लिए मल्लयुद्ध। कंपनी के इतिहास में, सबसे लोकप्रिय और लाभदायक पहलवान के रूप में विन्स मैकमोहन WWE (पूर्व डब्ल्यूडब्ल्यूएफ) के अध्यक्ष द्वारा वर्णित वह मध्य-करने के लिए-1990 के दशक के दौरान के रूप में ""स्टोन ठंड"" स्टीव ऑस्टिन, जो नियमित रूप से मैकमोहन, उसके मालिक ललकारा एक अनुचित, बीयर पीने antihero डबल्यू डबल्यू एफ में महत्वपूर्ण मुख्यधारा लोकप्रियता हासिल की। इस अवज्ञा अक्सर ऑस्टिन flipping बंद करके मैकमोहन दिखाया गया था और उसे  पत्थर ठंडी Stunnerके साथ, अपने खत्म करने के कदमincapacitating",Hindi
"मैकमोहन में 2009 WWE हॉल ऑफ फ़ेम में ऑस्टिन शामिल।
ऑस्टिन अपने व्यावसायिक कुश्ती कैरियर के दौरान उन्नीस चैंपियनशिप आयोजित किया और एक छह बार डबल्यू डबल्यू एफ चैंपियन के रूप में अच्छी तरह से पांचवें ट्रिपल क्राउन चैंपियनहै। उन्होंने यह भी 1996 अंगूठी के राजा टूर्नामेंट के रूप में अच्छी तरह के रूप में 1997, 1998 और 2001 रॉयल रंबलएस के विजेता था। वह जल्दी 2003 घुटने और गर्दन चोट निरंतर भर में अपने कैरियर की एक श्रृंखला के कारण में रिंग प्रतियोगिता में से रिटायर करने के लिए मजबूर किया गया। 2003 और 2004 के बाकी भर में, वह Co-General प्रबंधक और ""प्रधान से""  रॉके रूप में चित्रित किया गया था। 2005 के बाद से, वह सामयिक रूप से सामने आए बनाने के लिए जारी रखा है। 2011 में, स्टीव ऑस्टिन WWE  काफी सख्तवास्तविकता श्रृंखला की मेजबानी करने के लिए लौट आए। अपने उपनाम शामिल हैं ""टेक्सास नाग"" और ""WWE में सबसे मुश्किल S",Hindi
